[
  {
    "model": "movies.genre",
    "pk": 1,
    "fields": {
      "name": "Action"
    }
  },
  {
    "model": "movies.genre",
    "pk": 2,
    "fields": {
      "name": "Adventure"
    }
  },
  {
    "model": "movies.genre",
    "pk": 3,
    "fields": {
      "name": "Comedy"
    }
  },
  {
    "model": "movies.genre",
    "pk": 4,
    "fields": {
      "name": "Crime"
    }
  },
  {
    "model": "movies.genre",
    "pk": 5,
    "fields": {
      "name": "Drama"
    }
  },
  {
    "model": "movies.genre",
    "pk": 6,
    "fields": {
      "name": "Sci-Fi"
    }
  },
  {
    "model": "movies.genre",
    "pk": 7,
    "fields": {
      "name": "Horror"
    }
  },
  {
    "model": "movies.genre",
    "pk": 8,
    "fields": {
      "name": "Thriller"
    }
  },
  {
    "model": "movies.genre",
    "pk": 9,
    "fields": {
      "name": "Romance"
    }
  },
  {
    "model": "movies.language",
    "pk": 1,
    "fields": {
      "name": "Hindi"
    }
  },
  {
    "model": "movies.language",
    "pk": 2,
    "fields": {
      "name": "English"
    }
  },
  {
    "model": "movies.language",
    "pk": 3,
    "fields": {
      "name": "Gujarati"
    }
  },
  {
    "model": "movies.language",
    "pk": 4,
    "fields": {
      "name": "Telugu"
    }
  },
  {
    "model": "movies.movie",
    "pk": 1,
    "fields": {
      "title": "Avatar: The Way of Water",
      "duration": 192,
      "release_date": "2022-12-16",
      "rating": 8.8,
      "poster": "https://m.media-amazon.com/images/S/pv-target-images/f0535dd61f56bddd6ee7f3bfb765645e45d78f373418ae37ee5103cf6eebbff0.jpg",
      "trailer_url": "AHjYIbxHKV0",
      "genre": [
        1,
        2,
        6
      ],
      "language": [
        1,
        2
      ]
    }
  },
  {
    "model": "movies.movie",
    "pk": 2,
    "fields": {
      "title": "Bhool Bhulaiya 2",
      "duration": 143,
      "release_date": "2022-05-20",
      "rating": 9.3,
      "poster": "https://juksun.com/wp-content/uploads/2023/02/Bhool-Bhulaiyaa-2-Movie-Poster.jpg",
      "trailer_url": "P2KRKxAb2ek",
      "genre": [
        3,
        7
      ],
      "language": [
        1
      ]
    }
  },
  {
    "model": "movies.movie",
    "pk": 3,
    "fields": {
      "title": "Animal",
      "duration": 201,
      "release_date": "2023-12-01",
      "rating": 7.5,
      "poster": "https://static1.showtimes.com/poster/660x980/animal-174150.jpg",
      "trailer_url": "8FkLRUJj-o0",
      "genre": [
        1,
        4,
        5
      ],
      "language": [
        1
      ]
    }
  },
  {
    "model": "movies.movie",
    "pk": 4,
    "fields": {
      "title": "Bhool Bhulaiyaa 3",
      "duration": 158,
      "release_date": "2024-11-01",
      "rating": 9.0,
      "poster": "https://images.filmibeat.com/ph-big/2024/11/bhool-bhulaiyaa-3-ott-release-date-announced1730441591_4.jpg",
      "trailer_url": "6YMY62tMLUA",
      "genre": [
        3,
        7
      ],
      "language": [
        1
      ]
    }
  },
  {
    "model": "movies.movie",
    "pk": 5,
    "fields": {
      "title": "Pushpa 2",
      "duration": 201,
      "release_date": "2024-12-05",
      "rating": 8.3,
      "poster": "https://juksun.com/wp-content/uploads/2023/02/Pushpa-2-The-Rule-Movie-Poster-1.jpg?x19917",
      "trailer_url": "1kVK0MZlbI4",
      "genre": [
        1,
        5,
        8
      ],
      "language": [
        1,
        4
      ]
    }
  },
  {
    "model": "movies.movie",
    "pk": 6,
    "fields": {
      "title": "Bhediya",
      "duration": 156,
      "release_date": "2022-11-25",
      "rating": 8.1,
      "poster": "https://wallpapercave.com/wp/wp12167960.jpg",
      "trailer_url": "d_BPlvbw_ok",
      "genre": [
        3,
        7
      ],
      "language": [
        1
      ]
    }
  },
  {
    "model": "movies.movie",
    "pk": 7,
    "fields": {
      "title": "Dhurandhar",
      "duration": 214,
      "release_date": "2025-12-05",
      "rating": 9.0,
      "poster": "https://images.news18.com/ibnlive/uploads/2025/12/Dhurandhar-2025-12-77c1fc333c8127b3c12d1182e9f80e97.jpg",
      "trailer_url": "BKOVzHcjEIo",
      "genre": [
        1,
        8
      ],
      "language": [
        1
      ]
    }
  },
  {
    "model": "movies.movie",
    "pk": 8,
    "fields": {
      "title": "Chhello Divas",
      "duration": 138,
      "release_date": "2015-11-20",
      "rating": 8.0,
      "poster": "https://cfm.yidio.com/images/movie/208233/poster-360x540.jpg",
      "trailer_url": "p__H9sbuS8g",
      "genre": [
        3
      ],
      "language": [
        3
      ]
    }
  },
  {
    "model": "movies.movie",
    "pk": 9,
    "fields": {
      "title": "Avengers: Endgame",
      "duration": 181,
      "release_date": "2019-04-26",
      "rating": 8.1,
      "poster": "https://mir-s3-cdn-cf.behance.net/project_modules/hd/6b958279978371.5cd387b3cbaea.jpg",
      "trailer_url": "LPhqL4DqzBg",
      "genre": [
        1,
        2,
        6
      ],
      "language": [
        1,
        2
      ]
    }
  },
  {
    "model": "movies.movie",
    "pk": 10,
    "fields": {
      "title": "Saiyaara",
      "duration": 157,
      "release_date": "2025-06-18",
      "rating": 8.0,
      "poster": "https://image.tmdb.org/t/p/original/uz7eXKBIdMh2X6Aws9q0qXiXVVT.jpg",
      "trailer_url": "9r-tT5IN0vg",
      "genre": [
        5,
        9
      ],
      "language": [
        1
      ]
    }
  },
  {
    "model": "movies.movie",
    "pk": 11,
    "fields": {
      "title": "Dhurandhar The Revenge",
      "duration": 230,
      "release_date": "2026-03-19",
      "rating": 9.3,
      "poster": "https://boxofficewala.in/wp-content/uploads/2026/02/Dhurandhar-2-poster-BoxOFFiceWala.webp",
      "trailer_url": "NHk7scrb_9I",
      "genre": [
        1,
        8
      ],
      "language": [
        1
      ]
    }
  },
  {
    "model": "movies.seat",
    "pk": 1,
    "fields": {
      "movie": 1,
      "seat_number": "A1",
      "is_booked": false,
      "is_reserved": false,
      "reserved_until": null
    }
  },
  {
    "model": "movies.seat",
    "pk": 2,
    "fields": {
      "movie": 1,
      "seat_number": "A2",
      "is_booked": true,
      "is_reserved": false,
      "reserved_until": null
    }
  },
  {
    "model": "movies.seat",
    "pk": 3,
    "fields": {
      "movie": 1,
      "seat_number": "A3",
      "is_booked": true,
      "is_reserved": false,
      "reserved_until": null
    }
  },
  {
    "model": "movies.seat",
    "pk": 4,
    "fields": {
      "movie": 1,
      "seat_number": "A4",
      "is_booked": false,
      "is_reserved": false,
      "reserved_until": null
    }
  },
  {
    "model": "movies.seat",
    "pk": 5,
    "fields": {
      "movie": 1,
      "seat_number": "A5",
      "is_booked": false,
      "is_reserved": false,
      "reserved_until": null
    }
  },
  {
    "model": "movies.seat",
    "pk": 6,
    "fields": {
      "movie": 1,
      "seat_number": "A6",
      "is_booked": false,
      "is_reserved": false,
      "reserved_until": null
    }
  },
  {
    "model": "movies.seat",
    "pk": 7,
    "fields": {
      "movie": 1,
      "seat_number": "A7",
      "is_booked": false,
      "is_reserved": false,
      "reserved_until": null
    }
  },
  {
    "model": "movies.seat",
    "pk": 8,
    "fields": {
      "movie": 1,
      "seat_number": "A8",
      "is_booked": false,
      "is_reserved": false,
      "reserved_until": null
    }
  },
  {
    "model": "movies.seat",
    "pk": 9,
    "fields": {
      "movie": 1,
      "seat_number": "B1",
      "is_booked": false,
      "is_reserved": false,
      "reserved_until": null
    }
  },
  {
    "model": "movies.seat",
    "pk": 10,
    "fields": {
      "movie": 1,
      "seat_number": "B2",
      "is_booked": false,
      "is_reserved": false,
      "reserved_until": null
    }
  },
  {
    "model": "movies.seat",
    "pk": 11,
    "fields": {
      "movie": 1,
      "seat_number": "B3",
      "is_booked": false,
      "is_reserved": false,
      "reserved_until": null
    }
  },
  {
    "model": "movies.seat",
    "pk": 12,
    "fields": {
      "movie": 1,
      "seat_number": "B4",
      "is_booked": false,
      "is_reserved": false,
      "reserved_until": null
    }
  },
  {
    "model": "movies.seat",
    "pk": 13,
    "fields": {
      "movie": 1,
      "seat_number": "B5",
      "is_booked": true,
      "is_reserved": false,
      "reserved_until": null
    }
  },
  {
    "model": "movies.seat",
    "pk": 14,
    "fields": {
      "movie": 1,
      "seat_number": "B6",
      "is_booked": false,
      "is_reserved": false,
      "reserved_until": null
    }
  },
  {
    "model": "movies.seat",
    "pk": 15,
    "fields": {
      "movie": 1,
      "seat_number": "B7",
      "is_booked": false,
      "is_reserved": false,
      "reserved_until": null
    }
  },
  {
    "model": "movies.seat",
    "pk": 16,
    "fields": {
      "movie": 1,
      "seat_number": "B8",
      "is_booked": false,
      "is_reserved": false,
      "reserved_until": null
    }
  },
  {
    "model": "movies.seat",
    "pk": 17,
    "fields": {
      "movie": 1,
      "seat_number": "C1",
      "is_booked": false,
      "is_reserved": false,
      "reserved_until": null
    }
  },
  {
    "model": "movies.seat",
    "pk": 18,
    "fields": {
      "movie": 1,
      "seat_number": "C2",
      "is_booked": false,
      "is_reserved": false,
      "reserved_until": null
    }
  },
  {
    "model": "movies.seat",
    "pk": 19,
    "fields": {
      "movie": 1,
      "seat_number": "C3",
      "is_booked": false,
      "is_reserved": false,
      "reserved_until": null
    }
  },
  {
    "model": "movies.seat",
    "pk": 20,
    "fields": {
      "movie": 1,
      "seat_number": "C4",
      "is_booked": false,
      "is_reserved": false,
      "reserved_until": null
    }
  },
  {
    "model": "movies.seat",
    "pk": 21,
    "fields": {
      "movie": 1,
      "seat_number": "C5",
      "is_booked": false,
      "is_reserved": false,
      "reserved_until": null
    }
  },
  {
    "model": "movies.seat",
    "pk": 22,
    "fields": {
      "movie": 1,
      "seat_number": "C6",
      "is_booked": false,
      "is_reserved": false,
      "reserved_until": null
    }
  },
  {
    "model": "movies.seat",
    "pk": 23,
    "fields": {
      "movie": 1,
      "seat_number": "C7",
      "is_booked": false,
      "is_reserved": false,
      "reserved_until": null
    }
  },
  {
    "model": "movies.seat",
    "pk": 24,
    "fields": {
      "movie": 1,
      "seat_number": "C8",
      "is_booked": false,
      "is_reserved": false,
      "reserved_until": null
    }
  },
  {
    "model": "movies.seat",
    "pk": 25,
    "fields": {
      "movie": 1,
      "seat_number": "D1",
      "is_booked": false,
      "is_reserved": false,
      "reserved_until": null
    }
  },
  {
    "model": "movies.seat",
    "pk": 26,
    "fields": {
      "movie": 1,
      "seat_number": "D2",
      "is_booked": false,
      "is_reserved": false,
      "reserved_until": null
    }
  },
  {
    "model": "movies.seat",
    "pk": 27,
    "fields": {
      "movie": 1,
      "seat_number": "D3",
      "is_booked": false,
      "is_reserved": false,
      "reserved_until": null
    }
  },
  {
    "model": "movies.seat",
    "pk": 28,
    "fields": {
      "movie": 1,
      "seat_number": "D4",
      "is_booked": false,
      "is_reserved": false,
      "reserved_until": null
    }
  },
  {
    "model": "movies.seat",
    "pk": 29,
    "fields": {
      "movie": 1,
      "seat_number": "D5",
      "is_booked": false,
      "is_reserved": false,
      "reserved_until": null
    }
  },
  {
    "model": "movies.seat",
    "pk": 30,
    "fields": {
      "movie": 1,
      "seat_number": "D6",
      "is_booked": false,
      "is_reserved": false,
      "reserved_until": null
    }
  },
  {
    "model": "movies.seat",
    "pk": 31,
    "fields": {
      "movie": 1,
      "seat_number": "D7",
      "is_booked": false,
      "is_reserved": false,
      "reserved_until": null
    }
  },
  {
    "model": "movies.seat",
    "pk": 32,
    "fields": {
      "movie": 1,
      "seat_number": "D8",
      "is_booked": false,
      "is_reserved": false,
      "reserved_until": null
    }
  },
  {
    "model": "movies.seat",
    "pk": 33,
    "fields": {
      "movie": 2,
      "seat_number": "A1",
      "is_booked": false,
      "is_reserved": false,
      "reserved_until": null
    }
  },
  {
    "model": "movies.seat",
    "pk": 34,
    "fields": {
      "movie": 2,
      "seat_number": "A2",
      "is_booked": false,
      "is_reserved": false,
      "reserved_until": null
    }
  },
  {
    "model": "movies.seat",
    "pk": 35,
    "fields": {
      "movie": 2,
      "seat_number": "A3",
      "is_booked": false,
      "is_reserved": false,
      "reserved_until": null
    }
  },
  {
    "model": "movies.seat",
    "pk": 36,
    "fields": {
      "movie": 2,
      "seat_number": "A4",
      "is_booked": false,
      "is_reserved": false,
      "reserved_until": null
    }
  },
  {
    "model": "movies.seat",
    "pk": 37,
    "fields": {
      "movie": 2,
      "seat_number": "A5",
      "is_booked": false,
      "is_reserved": false,
      "reserved_until": null
    }
  },
  {
    "model": "movies.seat",
    "pk": 38,
    "fields": {
      "movie": 2,
      "seat_number": "A6",
      "is_booked": false,
      "is_reserved": false,
      "reserved_until": null
    }
  },
  {
    "model": "movies.seat",
    "pk": 39,
    "fields": {
      "movie": 2,
      "seat_number": "A7",
      "is_booked": false,
      "is_reserved": false,
      "reserved_until": null
    }
  },
  {
    "model": "movies.seat",
    "pk": 40,
    "fields": {
      "movie": 2,
      "seat_number": "A8",
      "is_booked": false,
      "is_reserved": false,
      "reserved_until": null
    }
  },
  {
    "model": "movies.seat",
    "pk": 41,
    "fields": {
      "movie": 2,
      "seat_number": "B1",
      "is_booked": false,
      "is_reserved": false,
      "reserved_until": null
    }
  },
  {
    "model": "movies.seat",
    "pk": 42,
    "fields": {
      "movie": 2,
      "seat_number": "B2",
      "is_booked": false,
      "is_reserved": false,
      "reserved_until": null
    }
  },
  {
    "model": "movies.seat",
    "pk": 43,
    "fields": {
      "movie": 2,
      "seat_number": "B3",
      "is_booked": false,
      "is_reserved": false,
      "reserved_until": null
    }
  },
  {
    "model": "movies.seat",
    "pk": 44,
    "fields": {
      "movie": 2,
      "seat_number": "B4",
      "is_booked": false,
      "is_reserved": false,
      "reserved_until": null
    }
  },
  {
    "model": "movies.seat",
    "pk": 45,
    "fields": {
      "movie": 2,
      "seat_number": "B5",
      "is_booked": false,
      "is_reserved": false,
      "reserved_until": null
    }
  },
  {
    "model": "movies.seat",
    "pk": 46,
    "fields": {
      "movie": 2,
      "seat_number": "B6",
      "is_booked": false,
      "is_reserved": false,
      "reserved_until": null
    }
  },
  {
    "model": "movies.seat",
    "pk": 47,
    "fields": {
      "movie": 2,
      "seat_number": "B7",
      "is_booked": false,
      "is_reserved": false,
      "reserved_until": null
    }
  },
  {
    "model": "movies.seat",
    "pk": 48,
    "fields": {
      "movie": 2,
      "seat_number": "B8",
      "is_booked": false,
      "is_reserved": false,
      "reserved_until": null
    }
  },
  {
    "model": "movies.seat",
    "pk": 49,
    "fields": {
      "movie": 2,
      "seat_number": "C1",
      "is_booked": false,
      "is_reserved": false,
      "reserved_until": null
    }
  },
  {
    "model": "movies.seat",
    "pk": 50,
    "fields": {
      "movie": 2,
      "seat_number": "C2",
      "is_booked": false,
      "is_reserved": false,
      "reserved_until": null
    }
  },
  {
    "model": "movies.seat",
    "pk": 51,
    "fields": {
      "movie": 2,
      "seat_number": "C3",
      "is_booked": false,
      "is_reserved": false,
      "reserved_until": null
    }
  },
  {
    "model": "movies.seat",
    "pk": 52,
    "fields": {
      "movie": 2,
      "seat_number": "C4",
      "is_booked": false,
      "is_reserved": false,
      "reserved_until": null
    }
  },
  {
    "model": "movies.seat",
    "pk": 53,
    "fields": {
      "movie": 2,
      "seat_number": "C5",
      "is_booked": false,
      "is_reserved": false,
      "reserved_until": null
    }
  },
  {
    "model": "movies.seat",
    "pk": 54,
    "fields": {
      "movie": 2,
      "seat_number": "C6",
      "is_booked": false,
      "is_reserved": false,
      "reserved_until": null
    }
  },
  {
    "model": "movies.seat",
    "pk": 55,
    "fields": {
      "movie": 2,
      "seat_number": "C7",
      "is_booked": false,
      "is_reserved": false,
      "reserved_until": null
    }
  },
  {
    "model": "movies.seat",
    "pk": 56,
    "fields": {
      "movie": 2,
      "seat_number": "C8",
      "is_booked": false,
      "is_reserved": false,
      "reserved_until": null
    }
  },
  {
    "model": "movies.seat",
    "pk": 57,
    "fields": {
      "movie": 2,
      "seat_number": "D1",
      "is_booked": false,
      "is_reserved": false,
      "reserved_until": null
    }
  },
  {
    "model": "movies.seat",
    "pk": 58,
    "fields": {
      "movie": 2,
      "seat_number": "D2",
      "is_booked": false,
      "is_reserved": false,
      "reserved_until": null
    }
  },
  {
    "model": "movies.seat",
    "pk": 59,
    "fields": {
      "movie": 2,
      "seat_number": "D3",
      "is_booked": false,
      "is_reserved": false,
      "reserved_until": null
    }
  },
  {
    "model": "movies.seat",
    "pk": 60,
    "fields": {
      "movie": 2,
      "seat_number": "D4",
      "is_booked": false,
      "is_reserved": false,
      "reserved_until": null
    }
  },
  {
    "model": "movies.seat",
    "pk": 61,
    "fields": {
      "movie": 2,
      "seat_number": "D5",
      "is_booked": false,
      "is_reserved": false,
      "reserved_until": null
    }
  },
  {
    "model": "movies.seat",
    "pk": 62,
    "fields": {
      "movie": 2,
      "seat_number": "D6",
      "is_booked": false,
      "is_reserved": false,
      "reserved_until": null
    }
  },
  {
    "model": "movies.seat",
    "pk": 63,
    "fields": {
      "movie": 2,
      "seat_number": "D7",
      "is_booked": false,
      "is_reserved": false,
      "reserved_until": null
    }
  },
  {
    "model": "movies.seat",
    "pk": 64,
    "fields": {
      "movie": 2,
      "seat_number": "D8",
      "is_booked": false,
      "is_reserved": false,
      "reserved_until": null
    }
  },
  {
    "model": "movies.seat",
    "pk": 65,
    "fields": {
      "movie": 3,
      "seat_number": "A1",
      "is_booked": false,
      "is_reserved": false,
      "reserved_until": null
    }
  },
  {
    "model": "movies.seat",
    "pk": 66,
    "fields": {
      "movie": 3,
      "seat_number": "A2",
      "is_booked": false,
      "is_reserved": false,
      "reserved_until": null
    }
  },
  {
    "model": "movies.seat",
    "pk": 67,
    "fields": {
      "movie": 3,
      "seat_number": "A3",
      "is_booked": false,
      "is_reserved": false,
      "reserved_until": null
    }
  },
  {
    "model": "movies.seat",
    "pk": 68,
    "fields": {
      "movie": 3,
      "seat_number": "A4",
      "is_booked": false,
      "is_reserved": false,
      "reserved_until": null
    }
  },
  {
    "model": "movies.seat",
    "pk": 69,
    "fields": {
      "movie": 3,
      "seat_number": "A5",
      "is_booked": false,
      "is_reserved": false,
      "reserved_until": null
    }
  },
  {
    "model": "movies.seat",
    "pk": 70,
    "fields": {
      "movie": 3,
      "seat_number": "A6",
      "is_booked": false,
      "is_reserved": false,
      "reserved_until": null
    }
  },
  {
    "model": "movies.seat",
    "pk": 71,
    "fields": {
      "movie": 3,
      "seat_number": "A7",
      "is_booked": false,
      "is_reserved": false,
      "reserved_until": null
    }
  },
  {
    "model": "movies.seat",
    "pk": 72,
    "fields": {
      "movie": 3,
      "seat_number": "A8",
      "is_booked": false,
      "is_reserved": false,
      "reserved_until": null
    }
  },
  {
    "model": "movies.seat",
    "pk": 73,
    "fields": {
      "movie": 3,
      "seat_number": "B1",
      "is_booked": false,
      "is_reserved": false,
      "reserved_until": null
    }
  },
  {
    "model": "movies.seat",
    "pk": 74,
    "fields": {
      "movie": 3,
      "seat_number": "B2",
      "is_booked": false,
      "is_reserved": false,
      "reserved_until": null
    }
  },
  {
    "model": "movies.seat",
    "pk": 75,
    "fields": {
      "movie": 3,
      "seat_number": "B3",
      "is_booked": false,
      "is_reserved": false,
      "reserved_until": null
    }
  },
  {
    "model": "movies.seat",
    "pk": 76,
    "fields": {
      "movie": 3,
      "seat_number": "B4",
      "is_booked": false,
      "is_reserved": false,
      "reserved_until": null
    }
  },
  {
    "model": "movies.seat",
    "pk": 77,
    "fields": {
      "movie": 3,
      "seat_number": "B5",
      "is_booked": false,
      "is_reserved": false,
      "reserved_until": null
    }
  },
  {
    "model": "movies.seat",
    "pk": 78,
    "fields": {
      "movie": 3,
      "seat_number": "B6",
      "is_booked": false,
      "is_reserved": false,
      "reserved_until": null
    }
  },
  {
    "model": "movies.seat",
    "pk": 79,
    "fields": {
      "movie": 3,
      "seat_number": "B7",
      "is_booked": false,
      "is_reserved": false,
      "reserved_until": null
    }
  },
  {
    "model": "movies.seat",
    "pk": 80,
    "fields": {
      "movie": 3,
      "seat_number": "B8",
      "is_booked": false,
      "is_reserved": false,
      "reserved_until": null
    }
  },
  {
    "model": "movies.seat",
    "pk": 81,
    "fields": {
      "movie": 3,
      "seat_number": "C1",
      "is_booked": false,
      "is_reserved": false,
      "reserved_until": null
    }
  },
  {
    "model": "movies.seat",
    "pk": 82,
    "fields": {
      "movie": 3,
      "seat_number": "C2",
      "is_booked": false,
      "is_reserved": false,
      "reserved_until": null
    }
  },
  {
    "model": "movies.seat",
    "pk": 83,
    "fields": {
      "movie": 3,
      "seat_number": "C3",
      "is_booked": false,
      "is_reserved": false,
      "reserved_until": null
    }
  },
  {
    "model": "movies.seat",
    "pk": 84,
    "fields": {
      "movie": 3,
      "seat_number": "C4",
      "is_booked": false,
      "is_reserved": false,
      "reserved_until": null
    }
  },
  {
    "model": "movies.seat",
    "pk": 85,
    "fields": {
      "movie": 3,
      "seat_number": "C5",
      "is_booked": false,
      "is_reserved": false,
      "reserved_until": null
    }
  },
  {
    "model": "movies.seat",
    "pk": 86,
    "fields": {
      "movie": 3,
      "seat_number": "C6",
      "is_booked": false,
      "is_reserved": false,
      "reserved_until": null
    }
  },
  {
    "model": "movies.seat",
    "pk": 87,
    "fields": {
      "movie": 3,
      "seat_number": "C7",
      "is_booked": false,
      "is_reserved": false,
      "reserved_until": null
    }
  },
  {
    "model": "movies.seat",
    "pk": 88,
    "fields": {
      "movie": 3,
      "seat_number": "C8",
      "is_booked": false,
      "is_reserved": false,
      "reserved_until": null
    }
  },
  {
    "model": "movies.seat",
    "pk": 89,
    "fields": {
      "movie": 3,
      "seat_number": "D1",
      "is_booked": false,
      "is_reserved": false,
      "reserved_until": null
    }
  },
  {
    "model": "movies.seat",
    "pk": 90,
    "fields": {
      "movie": 3,
      "seat_number": "D2",
      "is_booked": false,
      "is_reserved": false,
      "reserved_until": null
    }
  },
  {
    "model": "movies.seat",
    "pk": 91,
    "fields": {
      "movie": 3,
      "seat_number": "D3",
      "is_booked": false,
      "is_reserved": false,
      "reserved_until": null
    }
  },
  {
    "model": "movies.seat",
    "pk": 92,
    "fields": {
      "movie": 3,
      "seat_number": "D4",
      "is_booked": false,
      "is_reserved": false,
      "reserved_until": null
    }
  },
  {
    "model": "movies.seat",
    "pk": 93,
    "fields": {
      "movie": 3,
      "seat_number": "D5",
      "is_booked": false,
      "is_reserved": false,
      "reserved_until": null
    }
  },
  {
    "model": "movies.seat",
    "pk": 94,
    "fields": {
      "movie": 3,
      "seat_number": "D6",
      "is_booked": false,
      "is_reserved": false,
      "reserved_until": null
    }
  },
  {
    "model": "movies.seat",
    "pk": 95,
    "fields": {
      "movie": 3,
      "seat_number": "D7",
      "is_booked": false,
      "is_reserved": false,
      "reserved_until": null
    }
  },
  {
    "model": "movies.seat",
    "pk": 96,
    "fields": {
      "movie": 3,
      "seat_number": "D8",
      "is_booked": false,
      "is_reserved": false,
      "reserved_until": null
    }
  },
  {
    "model": "movies.seat",
    "pk": 97,
    "fields": {
      "movie": 4,
      "seat_number": "A1",
      "is_booked": false,
      "is_reserved": false,
      "reserved_until": null
    }
  },
  {
    "model": "movies.seat",
    "pk": 98,
    "fields": {
      "movie": 4,
      "seat_number": "A2",
      "is_booked": false,
      "is_reserved": false,
      "reserved_until": null
    }
  },
  {
    "model": "movies.seat",
    "pk": 99,
    "fields": {
      "movie": 4,
      "seat_number": "A3",
      "is_booked": false,
      "is_reserved": false,
      "reserved_until": null
    }
  },
  {
    "model": "movies.seat",
    "pk": 100,
    "fields": {
      "movie": 4,
      "seat_number": "A4",
      "is_booked": false,
      "is_reserved": false,
      "reserved_until": null
    }
  },
  {
    "model": "movies.seat",
    "pk": 101,
    "fields": {
      "movie": 4,
      "seat_number": "A5",
      "is_booked": false,
      "is_reserved": false,
      "reserved_until": null
    }
  },
  {
    "model": "movies.seat",
    "pk": 102,
    "fields": {
      "movie": 4,
      "seat_number": "A6",
      "is_booked": false,
      "is_reserved": false,
      "reserved_until": null
    }
  },
  {
    "model": "movies.seat",
    "pk": 103,
    "fields": {
      "movie": 4,
      "seat_number": "A7",
      "is_booked": false,
      "is_reserved": false,
      "reserved_until": null
    }
  },
  {
    "model": "movies.seat",
    "pk": 104,
    "fields": {
      "movie": 4,
      "seat_number": "A8",
      "is_booked": false,
      "is_reserved": false,
      "reserved_until": null
    }
  },
  {
    "model": "movies.seat",
    "pk": 105,
    "fields": {
      "movie": 4,
      "seat_number": "B1",
      "is_booked": false,
      "is_reserved": false,
      "reserved_until": null
    }
  },
  {
    "model": "movies.seat",
    "pk": 106,
    "fields": {
      "movie": 4,
      "seat_number": "B2",
      "is_booked": false,
      "is_reserved": false,
      "reserved_until": null
    }
  },
  {
    "model": "movies.seat",
    "pk": 107,
    "fields": {
      "movie": 4,
      "seat_number": "B3",
      "is_booked": false,
      "is_reserved": false,
      "reserved_until": null
    }
  },
  {
    "model": "movies.seat",
    "pk": 108,
    "fields": {
      "movie": 4,
      "seat_number": "B4",
      "is_booked": false,
      "is_reserved": false,
      "reserved_until": null
    }
  },
  {
    "model": "movies.seat",
    "pk": 109,
    "fields": {
      "movie": 4,
      "seat_number": "B5",
      "is_booked": false,
      "is_reserved": false,
      "reserved_until": null
    }
  },
  {
    "model": "movies.seat",
    "pk": 110,
    "fields": {
      "movie": 4,
      "seat_number": "B6",
      "is_booked": false,
      "is_reserved": false,
      "reserved_until": null
    }
  },
  {
    "model": "movies.seat",
    "pk": 111,
    "fields": {
      "movie": 4,
      "seat_number": "B7",
      "is_booked": false,
      "is_reserved": false,
      "reserved_until": null
    }
  },
  {
    "model": "movies.seat",
    "pk": 112,
    "fields": {
      "movie": 4,
      "seat_number": "B8",
      "is_booked": false,
      "is_reserved": false,
      "reserved_until": null
    }
  },
  {
    "model": "movies.seat",
    "pk": 113,
    "fields": {
      "movie": 4,
      "seat_number": "C1",
      "is_booked": false,
      "is_reserved": false,
      "reserved_until": null
    }
  },
  {
    "model": "movies.seat",
    "pk": 114,
    "fields": {
      "movie": 4,
      "seat_number": "C2",
      "is_booked": false,
      "is_reserved": false,
      "reserved_until": null
    }
  },
  {
    "model": "movies.seat",
    "pk": 115,
    "fields": {
      "movie": 4,
      "seat_number": "C3",
      "is_booked": false,
      "is_reserved": false,
      "reserved_until": null
    }
  },
  {
    "model": "movies.seat",
    "pk": 116,
    "fields": {
      "movie": 4,
      "seat_number": "C4",
      "is_booked": false,
      "is_reserved": false,
      "reserved_until": null
    }
  },
  {
    "model": "movies.seat",
    "pk": 117,
    "fields": {
      "movie": 4,
      "seat_number": "C5",
      "is_booked": false,
      "is_reserved": false,
      "reserved_until": null
    }
  },
  {
    "model": "movies.seat",
    "pk": 118,
    "fields": {
      "movie": 4,
      "seat_number": "C6",
      "is_booked": false,
      "is_reserved": false,
      "reserved_until": null
    }
  },
  {
    "model": "movies.seat",
    "pk": 119,
    "fields": {
      "movie": 4,
      "seat_number": "C7",
      "is_booked": false,
      "is_reserved": false,
      "reserved_until": null
    }
  },
  {
    "model": "movies.seat",
    "pk": 120,
    "fields": {
      "movie": 4,
      "seat_number": "C8",
      "is_booked": false,
      "is_reserved": false,
      "reserved_until": null
    }
  },
  {
    "model": "movies.seat",
    "pk": 121,
    "fields": {
      "movie": 4,
      "seat_number": "D1",
      "is_booked": false,
      "is_reserved": false,
      "reserved_until": null
    }
  },
  {
    "model": "movies.seat",
    "pk": 122,
    "fields": {
      "movie": 4,
      "seat_number": "D2",
      "is_booked": false,
      "is_reserved": false,
      "reserved_until": null
    }
  },
  {
    "model": "movies.seat",
    "pk": 123,
    "fields": {
      "movie": 4,
      "seat_number": "D3",
      "is_booked": false,
      "is_reserved": false,
      "reserved_until": null
    }
  },
  {
    "model": "movies.seat",
    "pk": 124,
    "fields": {
      "movie": 4,
      "seat_number": "D4",
      "is_booked": false,
      "is_reserved": false,
      "reserved_until": null
    }
  },
  {
    "model": "movies.seat",
    "pk": 125,
    "fields": {
      "movie": 4,
      "seat_number": "D5",
      "is_booked": false,
      "is_reserved": false,
      "reserved_until": null
    }
  },
  {
    "model": "movies.seat",
    "pk": 126,
    "fields": {
      "movie": 4,
      "seat_number": "D6",
      "is_booked": false,
      "is_reserved": false,
      "reserved_until": null
    }
  },
  {
    "model": "movies.seat",
    "pk": 127,
    "fields": {
      "movie": 4,
      "seat_number": "D7",
      "is_booked": false,
      "is_reserved": false,
      "reserved_until": null
    }
  },
  {
    "model": "movies.seat",
    "pk": 128,
    "fields": {
      "movie": 4,
      "seat_number": "D8",
      "is_booked": false,
      "is_reserved": false,
      "reserved_until": null
    }
  },
  {
    "model": "movies.seat",
    "pk": 129,
    "fields": {
      "movie": 5,
      "seat_number": "A1",
      "is_booked": false,
      "is_reserved": false,
      "reserved_until": null
    }
  },
  {
    "model": "movies.seat",
    "pk": 130,
    "fields": {
      "movie": 5,
      "seat_number": "A2",
      "is_booked": false,
      "is_reserved": false,
      "reserved_until": null
    }
  },
  {
    "model": "movies.seat",
    "pk": 131,
    "fields": {
      "movie": 5,
      "seat_number": "A3",
      "is_booked": false,
      "is_reserved": false,
      "reserved_until": null
    }
  },
  {
    "model": "movies.seat",
    "pk": 132,
    "fields": {
      "movie": 5,
      "seat_number": "A4",
      "is_booked": false,
      "is_reserved": false,
      "reserved_until": null
    }
  },
  {
    "model": "movies.seat",
    "pk": 133,
    "fields": {
      "movie": 5,
      "seat_number": "A5",
      "is_booked": false,
      "is_reserved": false,
      "reserved_until": null
    }
  },
  {
    "model": "movies.seat",
    "pk": 134,
    "fields": {
      "movie": 5,
      "seat_number": "A6",
      "is_booked": false,
      "is_reserved": false,
      "reserved_until": null
    }
  },
  {
    "model": "movies.seat",
    "pk": 135,
    "fields": {
      "movie": 5,
      "seat_number": "A7",
      "is_booked": false,
      "is_reserved": false,
      "reserved_until": null
    }
  },
  {
    "model": "movies.seat",
    "pk": 136,
    "fields": {
      "movie": 5,
      "seat_number": "A8",
      "is_booked": false,
      "is_reserved": false,
      "reserved_until": null
    }
  },
  {
    "model": "movies.seat",
    "pk": 137,
    "fields": {
      "movie": 5,
      "seat_number": "B1",
      "is_booked": false,
      "is_reserved": false,
      "reserved_until": null
    }
  },
  {
    "model": "movies.seat",
    "pk": 138,
    "fields": {
      "movie": 5,
      "seat_number": "B2",
      "is_booked": false,
      "is_reserved": false,
      "reserved_until": null
    }
  },
  {
    "model": "movies.seat",
    "pk": 139,
    "fields": {
      "movie": 5,
      "seat_number": "B3",
      "is_booked": false,
      "is_reserved": false,
      "reserved_until": null
    }
  },
  {
    "model": "movies.seat",
    "pk": 140,
    "fields": {
      "movie": 5,
      "seat_number": "B4",
      "is_booked": false,
      "is_reserved": false,
      "reserved_until": null
    }
  },
  {
    "model": "movies.seat",
    "pk": 141,
    "fields": {
      "movie": 5,
      "seat_number": "B5",
      "is_booked": false,
      "is_reserved": false,
      "reserved_until": null
    }
  },
  {
    "model": "movies.seat",
    "pk": 142,
    "fields": {
      "movie": 5,
      "seat_number": "B6",
      "is_booked": false,
      "is_reserved": false,
      "reserved_until": null
    }
  },
  {
    "model": "movies.seat",
    "pk": 143,
    "fields": {
      "movie": 5,
      "seat_number": "B7",
      "is_booked": false,
      "is_reserved": false,
      "reserved_until": null
    }
  },
  {
    "model": "movies.seat",
    "pk": 144,
    "fields": {
      "movie": 5,
      "seat_number": "B8",
      "is_booked": false,
      "is_reserved": false,
      "reserved_until": null
    }
  },
  {
    "model": "movies.seat",
    "pk": 145,
    "fields": {
      "movie": 5,
      "seat_number": "C1",
      "is_booked": false,
      "is_reserved": false,
      "reserved_until": null
    }
  },
  {
    "model": "movies.seat",
    "pk": 146,
    "fields": {
      "movie": 5,
      "seat_number": "C2",
      "is_booked": false,
      "is_reserved": false,
      "reserved_until": null
    }
  },
  {
    "model": "movies.seat",
    "pk": 147,
    "fields": {
      "movie": 5,
      "seat_number": "C3",
      "is_booked": false,
      "is_reserved": false,
      "reserved_until": null
    }
  },
  {
    "model": "movies.seat",
    "pk": 148,
    "fields": {
      "movie": 5,
      "seat_number": "C4",
      "is_booked": false,
      "is_reserved": false,
      "reserved_until": null
    }
  },
  {
    "model": "movies.seat",
    "pk": 149,
    "fields": {
      "movie": 5,
      "seat_number": "C5",
      "is_booked": false,
      "is_reserved": false,
      "reserved_until": null
    }
  },
  {
    "model": "movies.seat",
    "pk": 150,
    "fields": {
      "movie": 5,
      "seat_number": "C6",
      "is_booked": false,
      "is_reserved": false,
      "reserved_until": null
    }
  },
  {
    "model": "movies.seat",
    "pk": 151,
    "fields": {
      "movie": 5,
      "seat_number": "C7",
      "is_booked": false,
      "is_reserved": false,
      "reserved_until": null
    }
  },
  {
    "model": "movies.seat",
    "pk": 152,
    "fields": {
      "movie": 5,
      "seat_number": "C8",
      "is_booked": false,
      "is_reserved": false,
      "reserved_until": null
    }
  },
  {
    "model": "movies.seat",
    "pk": 153,
    "fields": {
      "movie": 5,
      "seat_number": "D1",
      "is_booked": false,
      "is_reserved": false,
      "reserved_until": null
    }
  },
  {
    "model": "movies.seat",
    "pk": 154,
    "fields": {
      "movie": 5,
      "seat_number": "D2",
      "is_booked": false,
      "is_reserved": false,
      "reserved_until": null
    }
  },
  {
    "model": "movies.seat",
    "pk": 155,
    "fields": {
      "movie": 5,
      "seat_number": "D3",
      "is_booked": false,
      "is_reserved": false,
      "reserved_until": null
    }
  },
  {
    "model": "movies.seat",
    "pk": 156,
    "fields": {
      "movie": 5,
      "seat_number": "D4",
      "is_booked": false,
      "is_reserved": false,
      "reserved_until": null
    }
  },
  {
    "model": "movies.seat",
    "pk": 157,
    "fields": {
      "movie": 5,
      "seat_number": "D5",
      "is_booked": false,
      "is_reserved": false,
      "reserved_until": null
    }
  },
  {
    "model": "movies.seat",
    "pk": 158,
    "fields": {
      "movie": 5,
      "seat_number": "D6",
      "is_booked": false,
      "is_reserved": false,
      "reserved_until": null
    }
  },
  {
    "model": "movies.seat",
    "pk": 159,
    "fields": {
      "movie": 5,
      "seat_number": "D7",
      "is_booked": false,
      "is_reserved": false,
      "reserved_until": null
    }
  },
  {
    "model": "movies.seat",
    "pk": 160,
    "fields": {
      "movie": 5,
      "seat_number": "D8",
      "is_booked": false,
      "is_reserved": false,
      "reserved_until": null
    }
  },
  {
    "model": "movies.seat",
    "pk": 161,
    "fields": {
      "movie": 6,
      "seat_number": "A1",
      "is_booked": false,
      "is_reserved": false,
      "reserved_until": null
    }
  },
  {
    "model": "movies.seat",
    "pk": 162,
    "fields": {
      "movie": 6,
      "seat_number": "A2",
      "is_booked": false,
      "is_reserved": false,
      "reserved_until": null
    }
  },
  {
    "model": "movies.seat",
    "pk": 163,
    "fields": {
      "movie": 6,
      "seat_number": "A3",
      "is_booked": false,
      "is_reserved": false,
      "reserved_until": null
    }
  },
  {
    "model": "movies.seat",
    "pk": 164,
    "fields": {
      "movie": 6,
      "seat_number": "A4",
      "is_booked": false,
      "is_reserved": false,
      "reserved_until": null
    }
  },
  {
    "model": "movies.seat",
    "pk": 165,
    "fields": {
      "movie": 6,
      "seat_number": "A5",
      "is_booked": false,
      "is_reserved": false,
      "reserved_until": null
    }
  },
  {
    "model": "movies.seat",
    "pk": 166,
    "fields": {
      "movie": 6,
      "seat_number": "A6",
      "is_booked": false,
      "is_reserved": false,
      "reserved_until": null
    }
  },
  {
    "model": "movies.seat",
    "pk": 167,
    "fields": {
      "movie": 6,
      "seat_number": "A7",
      "is_booked": false,
      "is_reserved": false,
      "reserved_until": null
    }
  },
  {
    "model": "movies.seat",
    "pk": 168,
    "fields": {
      "movie": 6,
      "seat_number": "A8",
      "is_booked": false,
      "is_reserved": false,
      "reserved_until": null
    }
  },
  {
    "model": "movies.seat",
    "pk": 169,
    "fields": {
      "movie": 6,
      "seat_number": "B1",
      "is_booked": false,
      "is_reserved": false,
      "reserved_until": null
    }
  },
  {
    "model": "movies.seat",
    "pk": 170,
    "fields": {
      "movie": 6,
      "seat_number": "B2",
      "is_booked": false,
      "is_reserved": false,
      "reserved_until": null
    }
  },
  {
    "model": "movies.seat",
    "pk": 171,
    "fields": {
      "movie": 6,
      "seat_number": "B3",
      "is_booked": false,
      "is_reserved": false,
      "reserved_until": null
    }
  },
  {
    "model": "movies.seat",
    "pk": 172,
    "fields": {
      "movie": 6,
      "seat_number": "B4",
      "is_booked": false,
      "is_reserved": false,
      "reserved_until": null
    }
  },
  {
    "model": "movies.seat",
    "pk": 173,
    "fields": {
      "movie": 6,
      "seat_number": "B5",
      "is_booked": false,
      "is_reserved": false,
      "reserved_until": null
    }
  },
  {
    "model": "movies.seat",
    "pk": 174,
    "fields": {
      "movie": 6,
      "seat_number": "B6",
      "is_booked": false,
      "is_reserved": false,
      "reserved_until": null
    }
  },
  {
    "model": "movies.seat",
    "pk": 175,
    "fields": {
      "movie": 6,
      "seat_number": "B7",
      "is_booked": false,
      "is_reserved": false,
      "reserved_until": null
    }
  },
  {
    "model": "movies.seat",
    "pk": 176,
    "fields": {
      "movie": 6,
      "seat_number": "B8",
      "is_booked": false,
      "is_reserved": false,
      "reserved_until": null
    }
  },
  {
    "model": "movies.seat",
    "pk": 177,
    "fields": {
      "movie": 6,
      "seat_number": "C1",
      "is_booked": false,
      "is_reserved": false,
      "reserved_until": null
    }
  },
  {
    "model": "movies.seat",
    "pk": 178,
    "fields": {
      "movie": 6,
      "seat_number": "C2",
      "is_booked": false,
      "is_reserved": false,
      "reserved_until": null
    }
  },
  {
    "model": "movies.seat",
    "pk": 179,
    "fields": {
      "movie": 6,
      "seat_number": "C3",
      "is_booked": false,
      "is_reserved": false,
      "reserved_until": null
    }
  },
  {
    "model": "movies.seat",
    "pk": 180,
    "fields": {
      "movie": 6,
      "seat_number": "C4",
      "is_booked": false,
      "is_reserved": false,
      "reserved_until": null
    }
  },
  {
    "model": "movies.seat",
    "pk": 181,
    "fields": {
      "movie": 6,
      "seat_number": "C5",
      "is_booked": false,
      "is_reserved": false,
      "reserved_until": null
    }
  },
  {
    "model": "movies.seat",
    "pk": 182,
    "fields": {
      "movie": 6,
      "seat_number": "C6",
      "is_booked": false,
      "is_reserved": false,
      "reserved_until": null
    }
  },
  {
    "model": "movies.seat",
    "pk": 183,
    "fields": {
      "movie": 6,
      "seat_number": "C7",
      "is_booked": false,
      "is_reserved": false,
      "reserved_until": null
    }
  },
  {
    "model": "movies.seat",
    "pk": 184,
    "fields": {
      "movie": 6,
      "seat_number": "C8",
      "is_booked": false,
      "is_reserved": false,
      "reserved_until": null
    }
  },
  {
    "model": "movies.seat",
    "pk": 185,
    "fields": {
      "movie": 6,
      "seat_number": "D1",
      "is_booked": false,
      "is_reserved": false,
      "reserved_until": null
    }
  },
  {
    "model": "movies.seat",
    "pk": 186,
    "fields": {
      "movie": 6,
      "seat_number": "D2",
      "is_booked": false,
      "is_reserved": false,
      "reserved_until": null
    }
  },
  {
    "model": "movies.seat",
    "pk": 187,
    "fields": {
      "movie": 6,
      "seat_number": "D3",
      "is_booked": false,
      "is_reserved": false,
      "reserved_until": null
    }
  },
  {
    "model": "movies.seat",
    "pk": 188,
    "fields": {
      "movie": 6,
      "seat_number": "D4",
      "is_booked": false,
      "is_reserved": false,
      "reserved_until": null
    }
  },
  {
    "model": "movies.seat",
    "pk": 189,
    "fields": {
      "movie": 6,
      "seat_number": "D5",
      "is_booked": false,
      "is_reserved": false,
      "reserved_until": null
    }
  },
  {
    "model": "movies.seat",
    "pk": 190,
    "fields": {
      "movie": 6,
      "seat_number": "D6",
      "is_booked": false,
      "is_reserved": false,
      "reserved_until": null
    }
  },
  {
    "model": "movies.seat",
    "pk": 191,
    "fields": {
      "movie": 6,
      "seat_number": "D7",
      "is_booked": false,
      "is_reserved": false,
      "reserved_until": null
    }
  },
  {
    "model": "movies.seat",
    "pk": 192,
    "fields": {
      "movie": 6,
      "seat_number": "D8",
      "is_booked": false,
      "is_reserved": false,
      "reserved_until": null
    }
  },
  {
    "model": "movies.seat",
    "pk": 193,
    "fields": {
      "movie": 7,
      "seat_number": "A1",
      "is_booked": false,
      "is_reserved": false,
      "reserved_until": null
    }
  },
  {
    "model": "movies.seat",
    "pk": 194,
    "fields": {
      "movie": 7,
      "seat_number": "A2",
      "is_booked": false,
      "is_reserved": false,
      "reserved_until": null
    }
  },
  {
    "model": "movies.seat",
    "pk": 195,
    "fields": {
      "movie": 7,
      "seat_number": "A3",
      "is_booked": false,
      "is_reserved": false,
      "reserved_until": null
    }
  },
  {
    "model": "movies.seat",
    "pk": 196,
    "fields": {
      "movie": 7,
      "seat_number": "A4",
      "is_booked": false,
      "is_reserved": false,
      "reserved_until": null
    }
  },
  {
    "model": "movies.seat",
    "pk": 197,
    "fields": {
      "movie": 7,
      "seat_number": "A5",
      "is_booked": false,
      "is_reserved": false,
      "reserved_until": null
    }
  },
  {
    "model": "movies.seat",
    "pk": 198,
    "fields": {
      "movie": 7,
      "seat_number": "A6",
      "is_booked": false,
      "is_reserved": false,
      "reserved_until": null
    }
  },
  {
    "model": "movies.seat",
    "pk": 199,
    "fields": {
      "movie": 7,
      "seat_number": "A7",
      "is_booked": false,
      "is_reserved": false,
      "reserved_until": null
    }
  },
  {
    "model": "movies.seat",
    "pk": 200,
    "fields": {
      "movie": 7,
      "seat_number": "A8",
      "is_booked": false,
      "is_reserved": false,
      "reserved_until": null
    }
  },
  {
    "model": "movies.seat",
    "pk": 201,
    "fields": {
      "movie": 7,
      "seat_number": "B1",
      "is_booked": false,
      "is_reserved": false,
      "reserved_until": null
    }
  },
  {
    "model": "movies.seat",
    "pk": 202,
    "fields": {
      "movie": 7,
      "seat_number": "B2",
      "is_booked": false,
      "is_reserved": false,
      "reserved_until": null
    }
  },
  {
    "model": "movies.seat",
    "pk": 203,
    "fields": {
      "movie": 7,
      "seat_number": "B3",
      "is_booked": false,
      "is_reserved": false,
      "reserved_until": null
    }
  },
  {
    "model": "movies.seat",
    "pk": 204,
    "fields": {
      "movie": 7,
      "seat_number": "B4",
      "is_booked": false,
      "is_reserved": false,
      "reserved_until": null
    }
  },
  {
    "model": "movies.seat",
    "pk": 205,
    "fields": {
      "movie": 7,
      "seat_number": "B5",
      "is_booked": false,
      "is_reserved": false,
      "reserved_until": null
    }
  },
  {
    "model": "movies.seat",
    "pk": 206,
    "fields": {
      "movie": 7,
      "seat_number": "B6",
      "is_booked": false,
      "is_reserved": false,
      "reserved_until": null
    }
  },
  {
    "model": "movies.seat",
    "pk": 207,
    "fields": {
      "movie": 7,
      "seat_number": "B7",
      "is_booked": false,
      "is_reserved": false,
      "reserved_until": null
    }
  },
  {
    "model": "movies.seat",
    "pk": 208,
    "fields": {
      "movie": 7,
      "seat_number": "B8",
      "is_booked": false,
      "is_reserved": false,
      "reserved_until": null
    }
  },
  {
    "model": "movies.seat",
    "pk": 209,
    "fields": {
      "movie": 7,
      "seat_number": "C1",
      "is_booked": false,
      "is_reserved": false,
      "reserved_until": null
    }
  },
  {
    "model": "movies.seat",
    "pk": 210,
    "fields": {
      "movie": 7,
      "seat_number": "C2",
      "is_booked": false,
      "is_reserved": false,
      "reserved_until": null
    }
  },
  {
    "model": "movies.seat",
    "pk": 211,
    "fields": {
      "movie": 7,
      "seat_number": "C3",
      "is_booked": false,
      "is_reserved": false,
      "reserved_until": null
    }
  },
  {
    "model": "movies.seat",
    "pk": 212,
    "fields": {
      "movie": 7,
      "seat_number": "C4",
      "is_booked": false,
      "is_reserved": false,
      "reserved_until": null
    }
  },
  {
    "model": "movies.seat",
    "pk": 213,
    "fields": {
      "movie": 7,
      "seat_number": "C5",
      "is_booked": false,
      "is_reserved": false,
      "reserved_until": null
    }
  },
  {
    "model": "movies.seat",
    "pk": 214,
    "fields": {
      "movie": 7,
      "seat_number": "C6",
      "is_booked": false,
      "is_reserved": false,
      "reserved_until": null
    }
  },
  {
    "model": "movies.seat",
    "pk": 215,
    "fields": {
      "movie": 7,
      "seat_number": "C7",
      "is_booked": false,
      "is_reserved": false,
      "reserved_until": null
    }
  },
  {
    "model": "movies.seat",
    "pk": 216,
    "fields": {
      "movie": 7,
      "seat_number": "C8",
      "is_booked": false,
      "is_reserved": false,
      "reserved_until": null
    }
  },
  {
    "model": "movies.seat",
    "pk": 217,
    "fields": {
      "movie": 7,
      "seat_number": "D1",
      "is_booked": false,
      "is_reserved": false,
      "reserved_until": null
    }
  },
  {
    "model": "movies.seat",
    "pk": 218,
    "fields": {
      "movie": 7,
      "seat_number": "D2",
      "is_booked": false,
      "is_reserved": false,
      "reserved_until": null
    }
  },
  {
    "model": "movies.seat",
    "pk": 219,
    "fields": {
      "movie": 7,
      "seat_number": "D3",
      "is_booked": false,
      "is_reserved": false,
      "reserved_until": null
    }
  },
  {
    "model": "movies.seat",
    "pk": 220,
    "fields": {
      "movie": 7,
      "seat_number": "D4",
      "is_booked": false,
      "is_reserved": false,
      "reserved_until": null
    }
  },
  {
    "model": "movies.seat",
    "pk": 221,
    "fields": {
      "movie": 7,
      "seat_number": "D5",
      "is_booked": false,
      "is_reserved": false,
      "reserved_until": null
    }
  },
  {
    "model": "movies.seat",
    "pk": 222,
    "fields": {
      "movie": 7,
      "seat_number": "D6",
      "is_booked": false,
      "is_reserved": false,
      "reserved_until": null
    }
  },
  {
    "model": "movies.seat",
    "pk": 223,
    "fields": {
      "movie": 7,
      "seat_number": "D7",
      "is_booked": false,
      "is_reserved": false,
      "reserved_until": null
    }
  },
  {
    "model": "movies.seat",
    "pk": 224,
    "fields": {
      "movie": 7,
      "seat_number": "D8",
      "is_booked": false,
      "is_reserved": false,
      "reserved_until": null
    }
  },
  {
    "model": "movies.seat",
    "pk": 225,
    "fields": {
      "movie": 8,
      "seat_number": "A1",
      "is_booked": false,
      "is_reserved": false,
      "reserved_until": null
    }
  },
  {
    "model": "movies.seat",
    "pk": 226,
    "fields": {
      "movie": 8,
      "seat_number": "A2",
      "is_booked": false,
      "is_reserved": false,
      "reserved_until": null
    }
  },
  {
    "model": "movies.seat",
    "pk": 227,
    "fields": {
      "movie": 8,
      "seat_number": "A3",
      "is_booked": false,
      "is_reserved": false,
      "reserved_until": null
    }
  },
  {
    "model": "movies.seat",
    "pk": 228,
    "fields": {
      "movie": 8,
      "seat_number": "A4",
      "is_booked": false,
      "is_reserved": false,
      "reserved_until": null
    }
  },
  {
    "model": "movies.seat",
    "pk": 229,
    "fields": {
      "movie": 8,
      "seat_number": "A5",
      "is_booked": false,
      "is_reserved": false,
      "reserved_until": null
    }
  },
  {
    "model": "movies.seat",
    "pk": 230,
    "fields": {
      "movie": 8,
      "seat_number": "A6",
      "is_booked": false,
      "is_reserved": false,
      "reserved_until": null
    }
  },
  {
    "model": "movies.seat",
    "pk": 231,
    "fields": {
      "movie": 8,
      "seat_number": "A7",
      "is_booked": false,
      "is_reserved": false,
      "reserved_until": null
    }
  },
  {
    "model": "movies.seat",
    "pk": 232,
    "fields": {
      "movie": 8,
      "seat_number": "A8",
      "is_booked": false,
      "is_reserved": false,
      "reserved_until": null
    }
  },
  {
    "model": "movies.seat",
    "pk": 233,
    "fields": {
      "movie": 8,
      "seat_number": "B1",
      "is_booked": false,
      "is_reserved": false,
      "reserved_until": null
    }
  },
  {
    "model": "movies.seat",
    "pk": 234,
    "fields": {
      "movie": 8,
      "seat_number": "B2",
      "is_booked": false,
      "is_reserved": false,
      "reserved_until": null
    }
  },
  {
    "model": "movies.seat",
    "pk": 235,
    "fields": {
      "movie": 8,
      "seat_number": "B3",
      "is_booked": false,
      "is_reserved": false,
      "reserved_until": null
    }
  },
  {
    "model": "movies.seat",
    "pk": 236,
    "fields": {
      "movie": 8,
      "seat_number": "B4",
      "is_booked": false,
      "is_reserved": false,
      "reserved_until": null
    }
  },
  {
    "model": "movies.seat",
    "pk": 237,
    "fields": {
      "movie": 8,
      "seat_number": "B5",
      "is_booked": false,
      "is_reserved": false,
      "reserved_until": null
    }
  },
  {
    "model": "movies.seat",
    "pk": 238,
    "fields": {
      "movie": 8,
      "seat_number": "B6",
      "is_booked": false,
      "is_reserved": false,
      "reserved_until": null
    }
  },
  {
    "model": "movies.seat",
    "pk": 239,
    "fields": {
      "movie": 8,
      "seat_number": "B7",
      "is_booked": false,
      "is_reserved": false,
      "reserved_until": null
    }
  },
  {
    "model": "movies.seat",
    "pk": 240,
    "fields": {
      "movie": 8,
      "seat_number": "B8",
      "is_booked": false,
      "is_reserved": false,
      "reserved_until": null
    }
  },
  {
    "model": "movies.seat",
    "pk": 241,
    "fields": {
      "movie": 8,
      "seat_number": "C1",
      "is_booked": false,
      "is_reserved": false,
      "reserved_until": null
    }
  },
  {
    "model": "movies.seat",
    "pk": 242,
    "fields": {
      "movie": 8,
      "seat_number": "C2",
      "is_booked": false,
      "is_reserved": false,
      "reserved_until": null
    }
  },
  {
    "model": "movies.seat",
    "pk": 243,
    "fields": {
      "movie": 8,
      "seat_number": "C3",
      "is_booked": false,
      "is_reserved": false,
      "reserved_until": null
    }
  },
  {
    "model": "movies.seat",
    "pk": 244,
    "fields": {
      "movie": 8,
      "seat_number": "C4",
      "is_booked": false,
      "is_reserved": false,
      "reserved_until": null
    }
  },
  {
    "model": "movies.seat",
    "pk": 245,
    "fields": {
      "movie": 8,
      "seat_number": "C5",
      "is_booked": false,
      "is_reserved": false,
      "reserved_until": null
    }
  },
  {
    "model": "movies.seat",
    "pk": 246,
    "fields": {
      "movie": 8,
      "seat_number": "C6",
      "is_booked": false,
      "is_reserved": false,
      "reserved_until": null
    }
  },
  {
    "model": "movies.seat",
    "pk": 247,
    "fields": {
      "movie": 8,
      "seat_number": "C7",
      "is_booked": false,
      "is_reserved": false,
      "reserved_until": null
    }
  },
  {
    "model": "movies.seat",
    "pk": 248,
    "fields": {
      "movie": 8,
      "seat_number": "C8",
      "is_booked": false,
      "is_reserved": false,
      "reserved_until": null
    }
  },
  {
    "model": "movies.seat",
    "pk": 249,
    "fields": {
      "movie": 8,
      "seat_number": "D1",
      "is_booked": false,
      "is_reserved": false,
      "reserved_until": null
    }
  },
  {
    "model": "movies.seat",
    "pk": 250,
    "fields": {
      "movie": 8,
      "seat_number": "D2",
      "is_booked": false,
      "is_reserved": false,
      "reserved_until": null
    }
  },
  {
    "model": "movies.seat",
    "pk": 251,
    "fields": {
      "movie": 8,
      "seat_number": "D3",
      "is_booked": false,
      "is_reserved": false,
      "reserved_until": null
    }
  },
  {
    "model": "movies.seat",
    "pk": 252,
    "fields": {
      "movie": 8,
      "seat_number": "D4",
      "is_booked": false,
      "is_reserved": false,
      "reserved_until": null
    }
  },
  {
    "model": "movies.seat",
    "pk": 253,
    "fields": {
      "movie": 8,
      "seat_number": "D5",
      "is_booked": false,
      "is_reserved": false,
      "reserved_until": null
    }
  },
  {
    "model": "movies.seat",
    "pk": 254,
    "fields": {
      "movie": 8,
      "seat_number": "D6",
      "is_booked": false,
      "is_reserved": false,
      "reserved_until": null
    }
  },
  {
    "model": "movies.seat",
    "pk": 255,
    "fields": {
      "movie": 8,
      "seat_number": "D7",
      "is_booked": false,
      "is_reserved": false,
      "reserved_until": null
    }
  },
  {
    "model": "movies.seat",
    "pk": 256,
    "fields": {
      "movie": 8,
      "seat_number": "D8",
      "is_booked": false,
      "is_reserved": false,
      "reserved_until": null
    }
  },
  {
    "model": "movies.seat",
    "pk": 257,
    "fields": {
      "movie": 9,
      "seat_number": "A1",
      "is_booked": false,
      "is_reserved": false,
      "reserved_until": null
    }
  },
  {
    "model": "movies.seat",
    "pk": 258,
    "fields": {
      "movie": 9,
      "seat_number": "A2",
      "is_booked": false,
      "is_reserved": false,
      "reserved_until": null
    }
  },
  {
    "model": "movies.seat",
    "pk": 259,
    "fields": {
      "movie": 9,
      "seat_number": "A3",
      "is_booked": false,
      "is_reserved": false,
      "reserved_until": null
    }
  },
  {
    "model": "movies.seat",
    "pk": 260,
    "fields": {
      "movie": 9,
      "seat_number": "A4",
      "is_booked": false,
      "is_reserved": false,
      "reserved_until": null
    }
  },
  {
    "model": "movies.seat",
    "pk": 261,
    "fields": {
      "movie": 9,
      "seat_number": "A5",
      "is_booked": false,
      "is_reserved": false,
      "reserved_until": null
    }
  },
  {
    "model": "movies.seat",
    "pk": 262,
    "fields": {
      "movie": 9,
      "seat_number": "A6",
      "is_booked": false,
      "is_reserved": false,
      "reserved_until": null
    }
  },
  {
    "model": "movies.seat",
    "pk": 263,
    "fields": {
      "movie": 9,
      "seat_number": "A7",
      "is_booked": false,
      "is_reserved": false,
      "reserved_until": null
    }
  },
  {
    "model": "movies.seat",
    "pk": 264,
    "fields": {
      "movie": 9,
      "seat_number": "A8",
      "is_booked": false,
      "is_reserved": false,
      "reserved_until": null
    }
  },
  {
    "model": "movies.seat",
    "pk": 265,
    "fields": {
      "movie": 9,
      "seat_number": "B1",
      "is_booked": false,
      "is_reserved": false,
      "reserved_until": null
    }
  },
  {
    "model": "movies.seat",
    "pk": 266,
    "fields": {
      "movie": 9,
      "seat_number": "B2",
      "is_booked": false,
      "is_reserved": false,
      "reserved_until": null
    }
  },
  {
    "model": "movies.seat",
    "pk": 267,
    "fields": {
      "movie": 9,
      "seat_number": "B3",
      "is_booked": false,
      "is_reserved": false,
      "reserved_until": null
    }
  },
  {
    "model": "movies.seat",
    "pk": 268,
    "fields": {
      "movie": 9,
      "seat_number": "B4",
      "is_booked": false,
      "is_reserved": false,
      "reserved_until": null
    }
  },
  {
    "model": "movies.seat",
    "pk": 269,
    "fields": {
      "movie": 9,
      "seat_number": "B5",
      "is_booked": false,
      "is_reserved": false,
      "reserved_until": null
    }
  },
  {
    "model": "movies.seat",
    "pk": 270,
    "fields": {
      "movie": 9,
      "seat_number": "B6",
      "is_booked": false,
      "is_reserved": false,
      "reserved_until": null
    }
  },
  {
    "model": "movies.seat",
    "pk": 271,
    "fields": {
      "movie": 9,
      "seat_number": "B7",
      "is_booked": false,
      "is_reserved": false,
      "reserved_until": null
    }
  },
  {
    "model": "movies.seat",
    "pk": 272,
    "fields": {
      "movie": 9,
      "seat_number": "B8",
      "is_booked": false,
      "is_reserved": false,
      "reserved_until": null
    }
  },
  {
    "model": "movies.seat",
    "pk": 273,
    "fields": {
      "movie": 9,
      "seat_number": "C1",
      "is_booked": false,
      "is_reserved": false,
      "reserved_until": null
    }
  },
  {
    "model": "movies.seat",
    "pk": 274,
    "fields": {
      "movie": 9,
      "seat_number": "C2",
      "is_booked": false,
      "is_reserved": false,
      "reserved_until": null
    }
  },
  {
    "model": "movies.seat",
    "pk": 275,
    "fields": {
      "movie": 9,
      "seat_number": "C3",
      "is_booked": false,
      "is_reserved": false,
      "reserved_until": null
    }
  },
  {
    "model": "movies.seat",
    "pk": 276,
    "fields": {
      "movie": 9,
      "seat_number": "C4",
      "is_booked": false,
      "is_reserved": false,
      "reserved_until": null
    }
  },
  {
    "model": "movies.seat",
    "pk": 277,
    "fields": {
      "movie": 9,
      "seat_number": "C5",
      "is_booked": false,
      "is_reserved": false,
      "reserved_until": null
    }
  },
  {
    "model": "movies.seat",
    "pk": 278,
    "fields": {
      "movie": 9,
      "seat_number": "C6",
      "is_booked": false,
      "is_reserved": false,
      "reserved_until": null
    }
  },
  {
    "model": "movies.seat",
    "pk": 279,
    "fields": {
      "movie": 9,
      "seat_number": "C7",
      "is_booked": false,
      "is_reserved": false,
      "reserved_until": null
    }
  },
  {
    "model": "movies.seat",
    "pk": 280,
    "fields": {
      "movie": 9,
      "seat_number": "C8",
      "is_booked": false,
      "is_reserved": false,
      "reserved_until": null
    }
  },
  {
    "model": "movies.seat",
    "pk": 281,
    "fields": {
      "movie": 9,
      "seat_number": "D1",
      "is_booked": false,
      "is_reserved": false,
      "reserved_until": null
    }
  },
  {
    "model": "movies.seat",
    "pk": 282,
    "fields": {
      "movie": 9,
      "seat_number": "D2",
      "is_booked": false,
      "is_reserved": false,
      "reserved_until": null
    }
  },
  {
    "model": "movies.seat",
    "pk": 283,
    "fields": {
      "movie": 9,
      "seat_number": "D3",
      "is_booked": false,
      "is_reserved": false,
      "reserved_until": null
    }
  },
  {
    "model": "movies.seat",
    "pk": 284,
    "fields": {
      "movie": 9,
      "seat_number": "D4",
      "is_booked": false,
      "is_reserved": false,
      "reserved_until": null
    }
  },
  {
    "model": "movies.seat",
    "pk": 285,
    "fields": {
      "movie": 9,
      "seat_number": "D5",
      "is_booked": false,
      "is_reserved": false,
      "reserved_until": null
    }
  },
  {
    "model": "movies.seat",
    "pk": 286,
    "fields": {
      "movie": 9,
      "seat_number": "D6",
      "is_booked": false,
      "is_reserved": false,
      "reserved_until": null
    }
  },
  {
    "model": "movies.seat",
    "pk": 287,
    "fields": {
      "movie": 9,
      "seat_number": "D7",
      "is_booked": false,
      "is_reserved": false,
      "reserved_until": null
    }
  },
  {
    "model": "movies.seat",
    "pk": 288,
    "fields": {
      "movie": 9,
      "seat_number": "D8",
      "is_booked": false,
      "is_reserved": false,
      "reserved_until": null
    }
  },
  {
    "model": "movies.seat",
    "pk": 289,
    "fields": {
      "movie": 10,
      "seat_number": "A1",
      "is_booked": false,
      "is_reserved": false,
      "reserved_until": null
    }
  },
  {
    "model": "movies.seat",
    "pk": 290,
    "fields": {
      "movie": 10,
      "seat_number": "A2",
      "is_booked": false,
      "is_reserved": false,
      "reserved_until": null
    }
  },
  {
    "model": "movies.seat",
    "pk": 291,
    "fields": {
      "movie": 10,
      "seat_number": "A3",
      "is_booked": false,
      "is_reserved": false,
      "reserved_until": null
    }
  },
  {
    "model": "movies.seat",
    "pk": 292,
    "fields": {
      "movie": 10,
      "seat_number": "A4",
      "is_booked": false,
      "is_reserved": false,
      "reserved_until": null
    }
  },
  {
    "model": "movies.seat",
    "pk": 293,
    "fields": {
      "movie": 10,
      "seat_number": "A5",
      "is_booked": false,
      "is_reserved": false,
      "reserved_until": null
    }
  },
  {
    "model": "movies.seat",
    "pk": 294,
    "fields": {
      "movie": 10,
      "seat_number": "A6",
      "is_booked": false,
      "is_reserved": false,
      "reserved_until": null
    }
  },
  {
    "model": "movies.seat",
    "pk": 295,
    "fields": {
      "movie": 10,
      "seat_number": "A7",
      "is_booked": false,
      "is_reserved": false,
      "reserved_until": null
    }
  },
  {
    "model": "movies.seat",
    "pk": 296,
    "fields": {
      "movie": 10,
      "seat_number": "A8",
      "is_booked": false,
      "is_reserved": false,
      "reserved_until": null
    }
  },
  {
    "model": "movies.seat",
    "pk": 297,
    "fields": {
      "movie": 10,
      "seat_number": "B1",
      "is_booked": false,
      "is_reserved": false,
      "reserved_until": null
    }
  },
  {
    "model": "movies.seat",
    "pk": 298,
    "fields": {
      "movie": 10,
      "seat_number": "B2",
      "is_booked": false,
      "is_reserved": false,
      "reserved_until": null
    }
  },
  {
    "model": "movies.seat",
    "pk": 299,
    "fields": {
      "movie": 10,
      "seat_number": "B3",
      "is_booked": false,
      "is_reserved": false,
      "reserved_until": null
    }
  },
  {
    "model": "movies.seat",
    "pk": 300,
    "fields": {
      "movie": 10,
      "seat_number": "B4",
      "is_booked": false,
      "is_reserved": false,
      "reserved_until": null
    }
  },
  {
    "model": "movies.seat",
    "pk": 301,
    "fields": {
      "movie": 10,
      "seat_number": "B5",
      "is_booked": false,
      "is_reserved": false,
      "reserved_until": null
    }
  },
  {
    "model": "movies.seat",
    "pk": 302,
    "fields": {
      "movie": 10,
      "seat_number": "B6",
      "is_booked": false,
      "is_reserved": false,
      "reserved_until": null
    }
  },
  {
    "model": "movies.seat",
    "pk": 303,
    "fields": {
      "movie": 10,
      "seat_number": "B7",
      "is_booked": false,
      "is_reserved": false,
      "reserved_until": null
    }
  },
  {
    "model": "movies.seat",
    "pk": 304,
    "fields": {
      "movie": 10,
      "seat_number": "B8",
      "is_booked": false,
      "is_reserved": false,
      "reserved_until": null
    }
  },
  {
    "model": "movies.seat",
    "pk": 305,
    "fields": {
      "movie": 10,
      "seat_number": "C1",
      "is_booked": false,
      "is_reserved": false,
      "reserved_until": null
    }
  },
  {
    "model": "movies.seat",
    "pk": 306,
    "fields": {
      "movie": 10,
      "seat_number": "C2",
      "is_booked": false,
      "is_reserved": false,
      "reserved_until": null
    }
  },
  {
    "model": "movies.seat",
    "pk": 307,
    "fields": {
      "movie": 10,
      "seat_number": "C3",
      "is_booked": false,
      "is_reserved": false,
      "reserved_until": null
    }
  },
  {
    "model": "movies.seat",
    "pk": 308,
    "fields": {
      "movie": 10,
      "seat_number": "C4",
      "is_booked": false,
      "is_reserved": false,
      "reserved_until": null
    }
  },
  {
    "model": "movies.seat",
    "pk": 309,
    "fields": {
      "movie": 10,
      "seat_number": "C5",
      "is_booked": false,
      "is_reserved": false,
      "reserved_until": null
    }
  },
  {
    "model": "movies.seat",
    "pk": 310,
    "fields": {
      "movie": 10,
      "seat_number": "C6",
      "is_booked": false,
      "is_reserved": false,
      "reserved_until": null
    }
  },
  {
    "model": "movies.seat",
    "pk": 311,
    "fields": {
      "movie": 10,
      "seat_number": "C7",
      "is_booked": false,
      "is_reserved": false,
      "reserved_until": null
    }
  },
  {
    "model": "movies.seat",
    "pk": 312,
    "fields": {
      "movie": 10,
      "seat_number": "C8",
      "is_booked": false,
      "is_reserved": false,
      "reserved_until": null
    }
  },
  {
    "model": "movies.seat",
    "pk": 313,
    "fields": {
      "movie": 10,
      "seat_number": "D1",
      "is_booked": false,
      "is_reserved": false,
      "reserved_until": null
    }
  },
  {
    "model": "movies.seat",
    "pk": 314,
    "fields": {
      "movie": 10,
      "seat_number": "D2",
      "is_booked": false,
      "is_reserved": false,
      "reserved_until": null
    }
  },
  {
    "model": "movies.seat",
    "pk": 315,
    "fields": {
      "movie": 10,
      "seat_number": "D3",
      "is_booked": false,
      "is_reserved": false,
      "reserved_until": null
    }
  },
  {
    "model": "movies.seat",
    "pk": 316,
    "fields": {
      "movie": 10,
      "seat_number": "D4",
      "is_booked": false,
      "is_reserved": false,
      "reserved_until": null
    }
  },
  {
    "model": "movies.seat",
    "pk": 317,
    "fields": {
      "movie": 10,
      "seat_number": "D5",
      "is_booked": false,
      "is_reserved": false,
      "reserved_until": null
    }
  },
  {
    "model": "movies.seat",
    "pk": 318,
    "fields": {
      "movie": 10,
      "seat_number": "D6",
      "is_booked": false,
      "is_reserved": false,
      "reserved_until": null
    }
  },
  {
    "model": "movies.seat",
    "pk": 319,
    "fields": {
      "movie": 10,
      "seat_number": "D7",
      "is_booked": false,
      "is_reserved": false,
      "reserved_until": null
    }
  },
  {
    "model": "movies.seat",
    "pk": 320,
    "fields": {
      "movie": 10,
      "seat_number": "D8",
      "is_booked": false,
      "is_reserved": false,
      "reserved_until": null
    }
  },
  {
    "model": "movies.seat",
    "pk": 321,
    "fields": {
      "movie": 11,
      "seat_number": "A1",
      "is_booked": false,
      "is_reserved": false,
      "reserved_until": null
    }
  },
  {
    "model": "movies.seat",
    "pk": 322,
    "fields": {
      "movie": 11,
      "seat_number": "A2",
      "is_booked": false,
      "is_reserved": false,
      "reserved_until": null
    }
  },
  {
    "model": "movies.seat",
    "pk": 323,
    "fields": {
      "movie": 11,
      "seat_number": "A3",
      "is_booked": false,
      "is_reserved": false,
      "reserved_until": null
    }
  },
  {
    "model": "movies.seat",
    "pk": 324,
    "fields": {
      "movie": 11,
      "seat_number": "A4",
      "is_booked": false,
      "is_reserved": false,
      "reserved_until": null
    }
  },
  {
    "model": "movies.seat",
    "pk": 325,
    "fields": {
      "movie": 11,
      "seat_number": "A5",
      "is_booked": false,
      "is_reserved": false,
      "reserved_until": null
    }
  },
  {
    "model": "movies.seat",
    "pk": 326,
    "fields": {
      "movie": 11,
      "seat_number": "A6",
      "is_booked": false,
      "is_reserved": false,
      "reserved_until": null
    }
  },
  {
    "model": "movies.seat",
    "pk": 327,
    "fields": {
      "movie": 11,
      "seat_number": "A7",
      "is_booked": false,
      "is_reserved": false,
      "reserved_until": null
    }
  },
  {
    "model": "movies.seat",
    "pk": 328,
    "fields": {
      "movie": 11,
      "seat_number": "A8",
      "is_booked": false,
      "is_reserved": false,
      "reserved_until": null
    }
  },
  {
    "model": "movies.seat",
    "pk": 329,
    "fields": {
      "movie": 11,
      "seat_number": "B1",
      "is_booked": false,
      "is_reserved": false,
      "reserved_until": null
    }
  },
  {
    "model": "movies.seat",
    "pk": 330,
    "fields": {
      "movie": 11,
      "seat_number": "B2",
      "is_booked": false,
      "is_reserved": false,
      "reserved_until": null
    }
  },
  {
    "model": "movies.seat",
    "pk": 331,
    "fields": {
      "movie": 11,
      "seat_number": "B3",
      "is_booked": false,
      "is_reserved": false,
      "reserved_until": null
    }
  },
  {
    "model": "movies.seat",
    "pk": 332,
    "fields": {
      "movie": 11,
      "seat_number": "B4",
      "is_booked": false,
      "is_reserved": false,
      "reserved_until": null
    }
  },
  {
    "model": "movies.seat",
    "pk": 333,
    "fields": {
      "movie": 11,
      "seat_number": "B5",
      "is_booked": false,
      "is_reserved": false,
      "reserved_until": null
    }
  },
  {
    "model": "movies.seat",
    "pk": 334,
    "fields": {
      "movie": 11,
      "seat_number": "B6",
      "is_booked": false,
      "is_reserved": false,
      "reserved_until": null
    }
  },
  {
    "model": "movies.seat",
    "pk": 335,
    "fields": {
      "movie": 11,
      "seat_number": "B7",
      "is_booked": false,
      "is_reserved": false,
      "reserved_until": null
    }
  },
  {
    "model": "movies.seat",
    "pk": 336,
    "fields": {
      "movie": 11,
      "seat_number": "B8",
      "is_booked": false,
      "is_reserved": false,
      "reserved_until": null
    }
  },
  {
    "model": "movies.seat",
    "pk": 337,
    "fields": {
      "movie": 11,
      "seat_number": "C1",
      "is_booked": false,
      "is_reserved": false,
      "reserved_until": null
    }
  },
  {
    "model": "movies.seat",
    "pk": 338,
    "fields": {
      "movie": 11,
      "seat_number": "C2",
      "is_booked": false,
      "is_reserved": false,
      "reserved_until": null
    }
  },
  {
    "model": "movies.seat",
    "pk": 339,
    "fields": {
      "movie": 11,
      "seat_number": "C3",
      "is_booked": false,
      "is_reserved": false,
      "reserved_until": null
    }
  },
  {
    "model": "movies.seat",
    "pk": 340,
    "fields": {
      "movie": 11,
      "seat_number": "C4",
      "is_booked": false,
      "is_reserved": false,
      "reserved_until": null
    }
  },
  {
    "model": "movies.seat",
    "pk": 341,
    "fields": {
      "movie": 11,
      "seat_number": "C5",
      "is_booked": false,
      "is_reserved": false,
      "reserved_until": null
    }
  },
  {
    "model": "movies.seat",
    "pk": 342,
    "fields": {
      "movie": 11,
      "seat_number": "C6",
      "is_booked": false,
      "is_reserved": false,
      "reserved_until": null
    }
  },
  {
    "model": "movies.seat",
    "pk": 343,
    "fields": {
      "movie": 11,
      "seat_number": "C7",
      "is_booked": false,
      "is_reserved": false,
      "reserved_until": null
    }
  },
  {
    "model": "movies.seat",
    "pk": 344,
    "fields": {
      "movie": 11,
      "seat_number": "C8",
      "is_booked": false,
      "is_reserved": false,
      "reserved_until": null
    }
  },
  {
    "model": "movies.seat",
    "pk": 345,
    "fields": {
      "movie": 11,
      "seat_number": "D1",
      "is_booked": false,
      "is_reserved": false,
      "reserved_until": null
    }
  },
  {
    "model": "movies.seat",
    "pk": 346,
    "fields": {
      "movie": 11,
      "seat_number": "D2",
      "is_booked": false,
      "is_reserved": false,
      "reserved_until": null
    }
  },
  {
    "model": "movies.seat",
    "pk": 347,
    "fields": {
      "movie": 11,
      "seat_number": "D3",
      "is_booked": false,
      "is_reserved": false,
      "reserved_until": null
    }
  },
  {
    "model": "movies.seat",
    "pk": 348,
    "fields": {
      "movie": 11,
      "seat_number": "D4",
      "is_booked": false,
      "is_reserved": false,
      "reserved_until": null
    }
  },
  {
    "model": "movies.seat",
    "pk": 349,
    "fields": {
      "movie": 11,
      "seat_number": "D5",
      "is_booked": false,
      "is_reserved": false,
      "reserved_until": null
    }
  },
  {
    "model": "movies.seat",
    "pk": 350,
    "fields": {
      "movie": 11,
      "seat_number": "D6",
      "is_booked": false,
      "is_reserved": false,
      "reserved_until": null
    }
  },
  {
    "model": "movies.seat",
    "pk": 351,
    "fields": {
      "movie": 11,
      "seat_number": "D7",
      "is_booked": false,
      "is_reserved": false,
      "reserved_until": null
    }
  },
  {
    "model": "movies.seat",
    "pk": 352,
    "fields": {
      "movie": 11,
      "seat_number": "D8",
      "is_booked": false,
      "is_reserved": false,
      "reserved_until": null
    }
  },
  {
    "model": "movies.booking",
    "pk": 15,
    "fields": {
      "name": "Deep ",
      "email": "deepj3071@gmail.com",
      "movie": 1,
      "seats": "A2, A3",
      "booking_date": "2026-07-02T14:08:04.037Z",
      "payment_status": "Paid",
      "reserved_at": "2026-07-02T14:08:04.037Z"
    }
  },
  {
    "model": "movies.booking",
    "pk": 16,
    "fields": {
      "name": "Deep ",
      "email": "deepj3071@gmail.com",
      "movie": 1,
      "seats": "B5",
      "booking_date": "2026-07-03T09:31:34.181Z",
      "payment_status": "Paid",
      "reserved_at": "2026-07-03T09:31:34.181Z"
    }
  },
  {
    "model": "movies.booking",
    "pk": 17,
    "fields": {
      "name": "Deep ",
      "email": "deepj3071@gmail.com",
      "movie": 1,
      "seats": "",
      "booking_date": "2026-07-03T09:44:47.148Z",
      "payment_status": "Paid",
      "reserved_at": "2026-07-03T09:44:47.148Z"
    }
  }
]